statement_id,wa_bp,bp_title,bp_url,framework_version,bp_source,bp_source_version,orr_lens
wa_hri_dispositioned,OPS01-BP06,Evaluate tradeoffs while managing benefits and risks,https://docs.aws.amazon.com/wellarchitected/latest/operational-excellence-pillar/ops_priorities_eval_tradeoffs.html,2024-11-06,AWS Well-Architected Framework,2024-11-06,core
sm_fma_detection,REL11-BP01,Monitor all components of the workload to detect failures,https://docs.aws.amazon.com/wellarchitected/latest/reliability-pillar/rel_withstand_component_failures_monitoring_health.html,2024-11-06,AWS Well-Architected Framework,2024-11-06,core
sm_fma_mitigation,OPS07-BP03,Use runbooks to perform procedures,https://docs.aws.amazon.com/wellarchitected/latest/operational-excellence-pillar/ops_ready_to_support_use_runbooks.html,2024-11-06,AWS Well-Architected Framework,2024-11-06,core
rp_dataplane_recovery,REL11-BP04,Rely on the data plane and not the control plane during recovery,https://docs.aws.amazon.com/wellarchitected/latest/reliability-pillar/rel_withstand_component_failures_avoid_control_plane.html,2024-11-06,AWS Well-Architected Framework,2024-11-06,core
rp_no_cross_region_cp,REL11-BP04,Rely on the data plane and not the control plane during recovery,https://docs.aws.amazon.com/wellarchitected/latest/reliability-pillar/rel_withstand_component_failures_avoid_control_plane.html,2024-11-06,AWS Well-Architected Framework,2024-11-06,core
rp_no_shared_fate,REL10-BP03,Use bulkhead architectures to limit scope of impact,https://docs.aws.amazon.com/wellarchitected/latest/reliability-pillar/rel_fault_isolation_use_bulkhead.html,2024-11-06,AWS Well-Architected Framework,2024-11-06,core
rp_prod_isolated,SEC01-BP01,Separate workloads using accounts,https://docs.aws.amazon.com/wellarchitected/latest/security-pillar/sec_securely_operate_multi_accounts.html,2024-11-06,AWS Well-Architected Framework,2024-11-06,core
rt_timeouts,REL05-BP05,Set client timeouts,https://docs.aws.amazon.com/wellarchitected/latest/reliability-pillar/rel_mitigate_interaction_failure_client_timeouts.html,2024-11-06,AWS Well-Architected Framework,2024-11-06,core
rt_bounded_backoff,REL05-BP03,Control and limit retry calls,https://docs.aws.amazon.com/wellarchitected/latest/reliability-pillar/rel_mitigate_interaction_failure_limit_retries.html,2024-11-06,AWS Well-Architected Framework,2024-11-06,core
rt_retry_budget,REL05-BP03,Control and limit retry calls,https://docs.aws.amazon.com/wellarchitected/latest/reliability-pillar/rel_mitigate_interaction_failure_limit_retries.html,2024-11-06,AWS Well-Architected Framework,2024-11-06,core
rt_idempotent,REL04-BP04,Make mutating operations idempotent,https://docs.aws.amazon.com/wellarchitected/latest/reliability-pillar/rel_prevent_interaction_failure_idempotent.html,2024-11-06,AWS Well-Architected Framework,2024-11-06,core
df_soft_deps_nonblocking,REL05-BP01,Implement graceful degradation to transform applicable hard dependencies into soft dependencies,https://docs.aws.amazon.com/wellarchitected/latest/reliability-pillar/rel_mitigate_interaction_failure_graceful_degradation.html,2024-11-06,AWS Well-Architected Framework,2024-11-06,core
df_degrade_static,REL05-BP01,Implement graceful degradation to transform applicable hard dependencies into soft dependencies,https://docs.aws.amazon.com/wellarchitected/latest/reliability-pillar/rel_mitigate_interaction_failure_graceful_degradation.html,2024-11-06,AWS Well-Architected Framework,2024-11-06,core
df_backlog_recovery,REL05-BP04,Fail fast and limit queues,https://docs.aws.amazon.com/wellarchitected/latest/reliability-pillar/rel_mitigate_interaction_failure_fail_fast.html,2024-11-06,AWS Well-Architected Framework,2024-11-06,core
df_faults_injected,REL12-BP04,Test resiliency using chaos engineering,https://docs.aws.amazon.com/wellarchitected/latest/reliability-pillar/rel_testing_resiliency_failure_injection_resiliency.html,2024-11-06,AWS Well-Architected Framework,2024-11-06,core
hy_redundant_paths,REL02-BP02,Provision redundant connectivity between private networks in the cloud and on-premises environments,https://docs.aws.amazon.com/wellarchitected/latest/reliability-pillar/rel_planning_network_topology_ha_conn_private_networks.html,2024-11-06,AWS Well-Architected Framework,2024-11-06,core
hy_failover_tested,REL02-BP02,Provision redundant connectivity between private networks in the cloud and on-premises environments,https://docs.aws.amazon.com/wellarchitected/latest/reliability-pillar/rel_planning_network_topology_ha_conn_private_networks.html,2024-11-06,AWS Well-Architected Framework,2024-11-06,core
hy_onprem_deps,REL13-BP02,Use defined recovery strategies to meet the recovery objectives,https://docs.aws.amazon.com/wellarchitected/latest/reliability-pillar/rel_planning_for_recovery_disaster_recovery.html,2024-11-06,AWS Well-Architected Framework,2024-11-06,core
tp_per_source_limits,REL05-BP02,Throttle requests,https://docs.aws.amazon.com/wellarchitected/latest/reliability-pillar/rel_mitigate_interaction_failure_throttle_requests.html,2024-11-06,AWS Well-Architected Framework,2024-11-06,core
tp_shed_early,REL05-BP04,Fail fast and limit queues,https://docs.aws.amazon.com/wellarchitected/latest/reliability-pillar/rel_mitigate_interaction_failure_fail_fast.html,2024-11-06,AWS Well-Architected Framework,2024-11-06,core
tp_dynamic_limits,REL05-BP07,Implement emergency levers,https://docs.aws.amazon.com/wellarchitected/latest/reliability-pillar/rel_mitigate_interaction_failure_emergency_levers.html,2024-11-06,AWS Well-Architected Framework,2024-11-06,core
tp_surge_tested,REL07-BP04,Load test your workload,https://docs.aws.amazon.com/wellarchitected/latest/reliability-pillar/rel_adapt_to_changes_load_tested_adapt.html,2024-11-06,AWS Well-Architected Framework,2024-11-06,core
ep_waf_rate_rules,REL02-BP01,Use highly available network connectivity for your workload public endpoints,https://docs.aws.amazon.com/wellarchitected/latest/reliability-pillar/rel_planning_network_topology_ha_conn_users.html,2024-11-06,AWS Well-Architected Framework,2024-11-06,core
ep_l7_detection_pages,REL06-BP03,Send notifications (Real-time processing and alarming),https://docs.aws.amazon.com/wellarchitected/latest/reliability-pillar/rel_monitor_aws_resources_notification_monitor.html,2024-11-06,AWS Well-Architected Framework,2024-11-06,core
ep_ddos_runbook,SEC10-BP04,Develop and test security incident response playbooks,https://docs.aws.amazon.com/wellarchitected/latest/security-pillar/sec_incident_response_playbooks.html,2024-11-06,AWS Well-Architected Framework,2024-11-06,core
hc_check_and_replace,REL11-BP03,Automate healing on all layers,https://docs.aws.amazon.com/wellarchitected/latest/reliability-pillar/rel_withstand_component_failures_auto_healing_system.html,2024-11-06,AWS Well-Architected Framework,2024-11-06,core
hc_dependency_safe,REL11-BP01,Monitor all components of the workload to detect failures,https://docs.aws.amazon.com/wellarchitected/latest/reliability-pillar/rel_withstand_component_failures_monitoring_health.html,2024-11-06,AWS Well-Architected Framework,2024-11-06,core
hc_enter_leave_safely,OPS06-BP03,Employ safe deployment strategies,https://docs.aws.amazon.com/wellarchitected/latest/operational-excellence-pillar/ops_mit_deploy_risks_deploy_mgmt_sys.html,2024-11-06,AWS Well-Architected Framework,2024-11-06,core
dem_forecast,REL01-BP01,Aware of service quotas and constraints,https://docs.aws.amazon.com/wellarchitected/latest/reliability-pillar/rel_manage_service_limits_aware_quotas_and_constraints.html,2024-11-06,AWS Well-Architected Framework,2024-11-06,core
dem_quota_headroom,REL01-BP02,Manage service quotas across accounts and regions,https://docs.aws.amazon.com/wellarchitected/latest/reliability-pillar/rel_manage_service_limits_limits_considered.html,2024-11-06,AWS Well-Architected Framework,2024-11-06,core
dem_capacity_ready,REL07-BP03,Obtain resources upon detection that more resources are needed for a workload,https://docs.aws.amazon.com/wellarchitected/latest/reliability-pillar/rel_adapt_to_changes_proactive_adapt_auto.html,2024-11-06,AWS Well-Architected Framework,2024-11-06,core
lt_tested_at_peak,REL07-BP04,Load test your workload,https://docs.aws.amazon.com/wellarchitected/latest/reliability-pillar/rel_adapt_to_changes_load_tested_adapt.html,2024-11-06,AWS Well-Architected Framework,2024-11-06,core
lt_breaking_point,REL07-BP04,Load test your workload,https://docs.aws.amazon.com/wellarchitected/latest/reliability-pillar/rel_adapt_to_changes_load_tested_adapt.html,2024-11-06,AWS Well-Architected Framework,2024-11-06,core
lt_alarms_verified,REL07-BP04,Load test your workload,https://docs.aws.amazon.com/wellarchitected/latest/reliability-pillar/rel_adapt_to_changes_load_tested_adapt.html,2024-11-06,AWS Well-Architected Framework,2024-11-06,core
rec_objectives,REL13-BP01,Define recovery objectives for downtime and data loss,https://docs.aws.amazon.com/wellarchitected/latest/reliability-pillar/rel_planning_for_recovery_objective_defined_recovery.html,2024-11-06,AWS Well-Architected Framework,2024-11-06,core
rec_restore_tested,REL13-BP03,Test disaster recovery implementation to validate the implementation,https://docs.aws.amazon.com/wellarchitected/latest/reliability-pillar/rel_planning_for_recovery_dr_tested.html,2024-11-06,AWS Well-Architected Framework,2024-11-06,core
rec_strategy,REL13-BP02,Use defined recovery strategies to meet the recovery objectives,https://docs.aws.amazon.com/wellarchitected/latest/reliability-pillar/rel_planning_for_recovery_disaster_recovery.html,2024-11-06,AWS Well-Architected Framework,2024-11-06,core
rec_failover_exercised,REL13-BP03,Test disaster recovery implementation to validate the implementation,https://docs.aws.amazon.com/wellarchitected/latest/reliability-pillar/rel_planning_for_recovery_dr_tested.html,2024-11-06,AWS Well-Architected Framework,2024-11-06,core
dc_pitr,REL09-BP01,"Identify and back up all data that needs to be backed up, or reproduce the data from sources",https://docs.aws.amazon.com/wellarchitected/latest/reliability-pillar/rel_backing_up_data_identified_backups_data.html,2024-11-06,AWS Well-Architected Framework,2024-11-06,core
dc_immutable_isolated,REL09-BP02,Secure and encrypt backups,https://docs.aws.amazon.com/wellarchitected/latest/reliability-pillar/rel_backing_up_data_secured_backups_data.html,2024-11-06,AWS Well-Architected Framework,2024-11-06,core
dc_detection,REL09-BP02,Secure and encrypt backups,https://docs.aws.amazon.com/wellarchitected/latest/reliability-pillar/rel_backing_up_data_secured_backups_data.html,2024-11-06,AWS Well-Architected Framework,2024-11-06,core
dc_point_restore_rehearsed,REL09-BP04,Perform periodic recovery of the data to verify backup integrity and processes,https://docs.aws.amazon.com/wellarchitected/latest/reliability-pillar/rel_backing_up_data_periodic_recovery_testing_data.html,2024-11-06,AWS Well-Architected Framework,2024-11-06,core
cs_restart_documented,REL11-BP05,Use static stability to prevent bimodal behavior,https://docs.aws.amazon.com/wellarchitected/latest/reliability-pillar/rel_withstand_component_failures_static_stability.html,2024-11-06,AWS Well-Architected Framework,2024-11-06,core
cs_artifacts_controlled,REL11-BP05,Use static stability to prevent bimodal behavior,https://docs.aws.amazon.com/wellarchitected/latest/reliability-pillar/rel_withstand_component_failures_static_stability.html,2024-11-06,AWS Well-Architected Framework,2024-11-06,core
cs_config_resilient,REL11-BP04,Rely on the data plane and not the control plane during recovery,https://docs.aws.amazon.com/wellarchitected/latest/reliability-pillar/rel_withstand_component_failures_avoid_control_plane.html,2024-11-06,AWS Well-Architected Framework,2024-11-06,core
cs_exercised,REL13-BP03,Test disaster recovery implementation to validate the implementation,https://docs.aws.amazon.com/wellarchitected/latest/reliability-pillar/rel_planning_for_recovery_dr_tested.html,2024-11-06,AWS Well-Architected Framework,2024-11-06,core
cc_pipeline_only,SEC11-BP06,Deploy software programmatically,https://docs.aws.amazon.com/wellarchitected/latest/security-pillar/sec_appsec_deploy_software_programmatically.html,2024-11-06,AWS Well-Architected Framework,2024-11-06,core
cc_review_enforced,SEC11-BP04,Conduct code reviews,https://docs.aws.amazon.com/wellarchitected/latest/security-pillar/sec_appsec_manual_code_reviews.html,2024-11-06,AWS Well-Architected Framework,2024-11-06,core
cc_preview_drift,OPS05-BP03,Use configuration management systems,https://docs.aws.amazon.com/wellarchitected/latest/operational-excellence-pillar/ops_dev_integ_conf_mgmt_sys.html,2024-11-06,AWS Well-Architected Framework,2024-11-06,core
cc_emergency_path,REL08-BP05,Deploy changes with automation,https://docs.aws.amazon.com/wellarchitected/latest/reliability-pillar/rel_tracking_change_management_automated_changemgmt.html,2024-11-06,AWS Well-Architected Framework,2024-11-06,core
pp_tests_block,REL08-BP02,Integrate functional testing as part of your deployment,https://docs.aws.amazon.com/wellarchitected/latest/reliability-pillar/rel_tracking_change_management_functional_testing.html,2024-11-06,AWS Well-Architected Framework,2024-11-06,core
pp_parity,OPS05-BP08,Use multiple environments,https://docs.aws.amazon.com/wellarchitected/latest/operational-excellence-pillar/ops_dev_integ_multi_env.html,2024-11-06,AWS Well-Architected Framework,2024-11-06,core
pp_build_gates,SEC11-BP02,Automate testing throughout the development and release lifecycle,https://docs.aws.amazon.com/wellarchitected/latest/security-pillar/sec_appsec_automate_testing_throughout_lifecycle.html,2024-11-06,AWS Well-Architected Framework,2024-11-06,core
pp_perf_regression,REL12-BP03,Test scalability and performance requirements,https://docs.aws.amazon.com/wellarchitected/latest/reliability-pillar/rel_testing_resiliency_test_non_functional.html,2024-11-06,AWS Well-Architected Framework,2024-11-06,core
pd_staged_expansion,OPS06-BP03,Employ safe deployment strategies,https://docs.aws.amazon.com/wellarchitected/latest/operational-excellence-pillar/ops_mit_deploy_risks_deploy_mgmt_sys.html,2024-11-06,AWS Well-Architected Framework,2024-11-06,core
pd_fault_boundary_waves,REL10-BP03,Use bulkhead architectures to limit scope of impact,https://docs.aws.amazon.com/wellarchitected/latest/reliability-pillar/rel_fault_isolation_use_bulkhead.html,2024-11-06,AWS Well-Architected Framework,2024-11-06,core
pd_bake_time,OPS06-BP03,Employ safe deployment strategies,https://docs.aws.amazon.com/wellarchitected/latest/operational-excellence-pillar/ops_mit_deploy_risks_deploy_mgmt_sys.html,2024-11-06,AWS Well-Architected Framework,2024-11-06,core
pd_blockers,OPS06-BP03,Employ safe deployment strategies,https://docs.aws.amazon.com/wellarchitected/latest/operational-excellence-pillar/ops_mit_deploy_risks_deploy_mgmt_sys.html,2024-11-06,AWS Well-Architected Framework,2024-11-06,core
rb_auto,OPS06-BP04,Automate testing and rollback,https://docs.aws.amazon.com/wellarchitected/latest/operational-excellence-pillar/ops_mit_deploy_risks_auto_testing_and_rollback.html,2024-11-06,AWS Well-Architected Framework,2024-11-06,core
rb_alarms_scoped,OPS06-BP04,Automate testing and rollback,https://docs.aws.amazon.com/wellarchitected/latest/operational-excellence-pillar/ops_mit_deploy_risks_auto_testing_and_rollback.html,2024-11-06,AWS Well-Architected Framework,2024-11-06,core
rb_backward_compatible,OPS06-BP01,Plan for unsuccessful changes,https://docs.aws.amazon.com/wellarchitected/latest/operational-excellence-pillar/ops_mit_deploy_risks_plan_for_unsucessful_changes.html,2024-11-06,AWS Well-Architected Framework,2024-11-06,core
rb_exercised,OPS06-BP01,Plan for unsuccessful changes,https://docs.aws.amazon.com/wellarchitected/latest/operational-excellence-pillar/ops_mit_deploy_risks_plan_for_unsucessful_changes.html,2024-11-06,AWS Well-Architected Framework,2024-11-06,core
sec_testing_closed,SEC11-BP03,Perform regular penetration testing,https://docs.aws.amazon.com/wellarchitected/latest/security-pillar/sec_appsec_perform_regular_penetration_testing.html,2024-11-06,AWS Well-Architected Framework,2024-11-06,core
sec_detection_routed,SEC04-BP01,Configure service and application logging,https://docs.aws.amazon.com/wellarchitected/latest/security-pillar/sec_detect_investigate_events_app_service_logging.html,2024-11-06,AWS Well-Architected Framework,2024-11-06,core
sec_ir_exercised,SEC10-BP07,Run simulations,https://docs.aws.amazon.com/wellarchitected/latest/security-pillar/sec_incident_response_run_game_days.html,2024-11-06,AWS Well-Architected Framework,2024-11-06,core
sec_audit_logs,SEC04-BP02,"Capture logs, findings, and metrics in standardized locations",https://docs.aws.amazon.com/wellarchitected/latest/security-pillar/sec_detect_investigate_events_logs.html,2024-11-06,AWS Well-Architected Framework,2024-11-06,core
dep_classified,REL05-BP01,Implement graceful degradation to transform applicable hard dependencies into soft dependencies,https://docs.aws.amazon.com/wellarchitected/latest/reliability-pillar/rel_mitigate_interaction_failure_graceful_degradation.html,2024-11-06,AWS Well-Architected Framework,2024-11-06,core
slo_defined,OPS04-BP01,Identify key performance indicators,https://docs.aws.amazon.com/wellarchitected/latest/operational-excellence-pillar/ops_observability_identify_kpis.html,2024-11-06,AWS Well-Architected Framework,2024-11-06,core
slo_alarms_before_breach,OPS08-BP04,Create actionable alerts,https://docs.aws.amazon.com/wellarchitected/latest/operational-excellence-pillar/ops_workload_observability_create_alerts.html,2024-11-06,AWS Well-Architected Framework,2024-11-06,core
slo_alarm_quality,REL06-BP03,Send notifications (Real-time processing and alarming),https://docs.aws.amazon.com/wellarchitected/latest/reliability-pillar/rel_monitor_aws_resources_notification_monitor.html,2024-11-06,AWS Well-Architected Framework,2024-11-06,core
slo_reviewed,REL06-BP06,Regularly review monitoring scope and metrics,https://docs.aws.amazon.com/wellarchitected/latest/reliability-pillar/rel_monitor_aws_resources_review_monitoring.html,2024-11-06,AWS Well-Architected Framework,2024-11-06,core
can_coverage,OPS04-BP03,Implement user experience telemetry,https://docs.aws.amazon.com/wellarchitected/latest/operational-excellence-pillar/ops_observability_customer_telemetry.html,2024-11-06,AWS Well-Architected Framework,2024-11-06,core
can_own_metrics_alarms,OPS08-BP04,Create actionable alerts,https://docs.aws.amazon.com/wellarchitected/latest/operational-excellence-pillar/ops_workload_observability_create_alerts.html,2024-11-06,AWS Well-Architected Framework,2024-11-06,core
can_independent,OPS04-BP03,Implement user experience telemetry,https://docs.aws.amazon.com/wellarchitected/latest/operational-excellence-pillar/ops_observability_customer_telemetry.html,2024-11-06,AWS Well-Architected Framework,2024-11-06,core
sat_compute,REL06-BP01,Monitor all components for the workload (Generation),https://docs.aws.amazon.com/wellarchitected/latest/reliability-pillar/rel_monitor_aws_resources_monitor_resources.html,2024-11-06,AWS Well-Architected Framework,2024-11-06,core
sat_datastore_deps,OPS04-BP04,Implement dependency telemetry,https://docs.aws.amazon.com/wellarchitected/latest/operational-excellence-pillar/ops_observability_dependency_telemetry.html,2024-11-06,AWS Well-Architected Framework,2024-11-06,core
sat_async_age,REL05-BP04,Fail fast and limit queues,https://docs.aws.amazon.com/wellarchitected/latest/reliability-pillar/rel_mitigate_interaction_failure_fail_fast.html,2024-11-06,AWS Well-Architected Framework,2024-11-06,core
sat_usage_cost,COST01-BP06,Monitor cost proactively,https://docs.aws.amazon.com/wellarchitected/latest/cost-optimization-pillar/cost_cloud_financial_management_proactive_process.html,2024-11-06,AWS Well-Architected Framework,2024-11-06,core
tr_correlated_logs,OPS04-BP02,Implement application telemetry,https://docs.aws.amazon.com/wellarchitected/latest/operational-excellence-pillar/ops_observability_application_telemetry.html,2024-11-06,AWS Well-Architected Framework,2024-11-06,core
tr_open_tracing,OPS04-BP05,Implement distributed tracing,https://docs.aws.amazon.com/wellarchitected/latest/operational-excellence-pillar/ops_observability_dist_trace.html,2024-11-06,AWS Well-Architected Framework,2024-11-06,core
tr_alarm_diagnostics,REL06-BP04,Automate responses (Real-time processing and alarming),https://docs.aws.amazon.com/wellarchitected/latest/reliability-pillar/rel_monitor_aws_resources_automate_response_monitor.html,2024-11-06,AWS Well-Architected Framework,2024-11-06,core
oc_paged,OPS07-BP01,Ensure personnel capability,https://docs.aws.amazon.com/wellarchitected/latest/operational-excellence-pillar/ops_ready_to_support_personnel_capability.html,2024-11-06,AWS Well-Architected Framework,2024-11-06,core
oc_runbook_per_alarm,OPS10-BP02,Have a process per alert,https://docs.aws.amazon.com/wellarchitected/latest/operational-excellence-pillar/ops_event_response_process_per_alert.html,2024-11-06,AWS Well-Architected Framework,2024-11-06,core
oc_runbooks_exercised,OPS07-BP03,Use runbooks to perform procedures,https://docs.aws.amazon.com/wellarchitected/latest/operational-excellence-pillar/ops_ready_to_support_use_runbooks.html,2024-11-06,AWS Well-Architected Framework,2024-11-06,core
oc_escalation,OPS10-BP04,Define escalation paths,https://docs.aws.amazon.com/wellarchitected/latest/operational-excellence-pillar/ops_event_response_define_escalation_paths.html,2024-11-06,AWS Well-Architected Framework,2024-11-06,core
pe_escalation_runbook,OPS10-BP04,Define escalation paths,https://docs.aws.amazon.com/wellarchitected/latest/operational-excellence-pillar/ops_event_response_define_escalation_paths.html,2024-11-06,AWS Well-Architected Framework,2024-11-06,core
pe_support_fit,OPS10-BP04,Define escalation paths,https://docs.aws.amazon.com/wellarchitected/latest/operational-excellence-pillar/ops_event_response_define_escalation_paths.html,2024-11-06,AWS Well-Architected Framework,2024-11-06,core
pe_changes_staged,OPS05-BP05,Perform patch management,https://docs.aws.amazon.com/wellarchitected/latest/operational-excellence-pillar/ops_dev_integ_patch_mgmt.html,2024-11-06,AWS Well-Architected Framework,2024-11-06,core
ci_identify,OPS10-BP03,Prioritize operational events based on business impact,https://docs.aws.amazon.com/wellarchitected/latest/operational-excellence-pillar/ops_event_response_prioritize_events.html,2024-11-06,AWS Well-Architected Framework,2024-11-06,core
ci_comms_plan,OPS10-BP05,Define a customer communication plan for service-impacting events,https://docs.aws.amazon.com/wellarchitected/latest/operational-excellence-pillar/ops_event_response_push_notify.html,2024-11-06,AWS Well-Architected Framework,2024-11-06,core
ci_status_independent,OPS10-BP06,Communicate status through dashboards,https://docs.aws.amazon.com/wellarchitected/latest/operational-excellence-pillar/ops_event_response_dashboards.html,2024-11-06,AWS Well-Architected Framework,2024-11-06,core
az_regional_managed,REL10-BP01,Deploy the workload to multiple locations,https://docs.aws.amazon.com/wellarchitected/latest/reliability-pillar/rel_fault_isolation_multiaz_region_system.html,2024-11-06,AWS Well-Architected Framework,2024-11-06,core
az_multi_az,REL10-BP01,Deploy the workload to multiple locations,https://docs.aws.amazon.com/wellarchitected/latest/reliability-pillar/rel_fault_isolation_multiaz_region_system.html,2024-11-06,AWS Well-Architected Framework,2024-11-06,core
az_static_capacity,REL11-BP05,Use static stability to prevent bimodal behavior,https://docs.aws.amazon.com/wellarchitected/latest/reliability-pillar/rel_withstand_component_failures_static_stability.html,2024-11-06,AWS Well-Architected Framework,2024-11-06,core
az_tested_at_load,REL12-BP04,Test resiliency using chaos engineering,https://docs.aws.amazon.com/wellarchitected/latest/reliability-pillar/rel_testing_resiliency_failure_injection_resiliency.html,2024-11-06,AWS Well-Architected Framework,2024-11-06,core
ev_shift_mechanism,REL11-BP02,Fail over to healthy resources,https://docs.aws.amazon.com/wellarchitected/latest/reliability-pillar/rel_withstand_component_failures_failover2good.html,2024-11-06,AWS Well-Architected Framework,2024-11-06,core
ev_per_az_detection,REL11-BP01,Monitor all components of the workload to detect failures,https://docs.aws.amazon.com/wellarchitected/latest/reliability-pillar/rel_withstand_component_failures_monitoring_health.html,2024-11-06,AWS Well-Architected Framework,2024-11-06,core
ev_shift_practiced,REL12-BP04,Test resiliency using chaos engineering,https://docs.aws.amazon.com/wellarchitected/latest/reliability-pillar/rel_testing_resiliency_failure_injection_resiliency.html,2024-11-06,AWS Well-Architected Framework,2024-11-06,core
pa_automation_default,SEC03-BP02,Grant least privilege access,https://docs.aws.amazon.com/wellarchitected/latest/security-pillar/sec_permissions_least_privileges.html,2024-11-06,AWS Well-Architected Framework,2024-11-06,core
pa_jit_elevation,SEC02-BP02,Use temporary credentials,https://docs.aws.amazon.com/wellarchitected/latest/security-pillar/sec_identities_unique.html,2024-11-06,AWS Well-Architected Framework,2024-11-06,core
pa_root_secured,SEC01-BP02,Secure account root user and properties,https://docs.aws.amazon.com/wellarchitected/latest/security-pillar/sec_securely_operate_aws_account.html,2024-11-06,AWS Well-Architected Framework,2024-11-06,core
pa_access_reviewed,SEC03-BP04,Reduce permissions continuously,https://docs.aws.amazon.com/wellarchitected/latest/security-pillar/sec_permissions_continuous_reduction.html,2024-11-06,AWS Well-Architected Framework,2024-11-06,core
ea_per_failure_mode,SEC03-BP03,Establish emergency access process,https://docs.aws.amazon.com/wellarchitected/latest/security-pillar/sec_permissions_emergency_process.html,2024-11-06,AWS Well-Architected Framework,2024-11-06,core
ea_tested_independent,SEC03-BP03,Establish emergency access process,https://docs.aws.amazon.com/wellarchitected/latest/security-pillar/sec_permissions_emergency_process.html,2024-11-06,AWS Well-Architected Framework,2024-11-06,core
ea_out_of_band,SEC10-BP02,Develop incident management plans,https://docs.aws.amazon.com/wellarchitected/latest/security-pillar/sec_incident_response_develop_management_plans.html,2024-11-06,AWS Well-Architected Framework,2024-11-06,core
ot_blast_radius_limits,OPS07-BP03,Use runbooks to perform procedures,https://docs.aws.amazon.com/wellarchitected/latest/operational-excellence-pillar/ops_ready_to_support_use_runbooks.html,2024-11-06,AWS Well-Architected Framework,2024-11-06,core
ot_dry_run_two_person,OPS07-BP03,Use runbooks to perform procedures,https://docs.aws.amazon.com/wellarchitected/latest/operational-excellence-pillar/ops_ready_to_support_use_runbooks.html,2024-11-06,AWS Well-Architected Framework,2024-11-06,core
exp_inventory,SEC09-BP01,Implement secure key and certificate management,https://docs.aws.amazon.com/wellarchitected/latest/security-pillar/sec_protect_data_transit_key_cert_mgmt.html,2024-11-06,AWS Well-Architected Framework,2024-11-06,core
exp_alarms,SEC09-BP01,Implement secure key and certificate management,https://docs.aws.amazon.com/wellarchitected/latest/security-pillar/sec_protect_data_transit_key_cert_mgmt.html,2024-11-06,AWS Well-Architected Framework,2024-11-06,core
exp_auto_renew_deploy,SEC09-BP01,Implement secure key and certificate management,https://docs.aws.amazon.com/wellarchitected/latest/security-pillar/sec_protect_data_transit_key_cert_mgmt.html,2024-11-06,AWS Well-Architected Framework,2024-11-06,core
gd_fault_injection,REL12-BP04,Test resiliency using chaos engineering,https://docs.aws.amazon.com/wellarchitected/latest/reliability-pillar/rel_testing_resiliency_failure_injection_resiliency.html,2024-11-06,AWS Well-Architected Framework,2024-11-06,core
gd_tabletop,REL12-BP05,Conduct game days regularly,https://docs.aws.amazon.com/wellarchitected/latest/reliability-pillar/rel_testing_resiliency_game_days_resiliency.html,2024-11-06,AWS Well-Architected Framework,2024-11-06,core
gd_people_engaged,REL12-BP05,Conduct game days regularly,https://docs.aws.amazon.com/wellarchitected/latest/reliability-pillar/rel_testing_resiliency_game_days_resiliency.html,2024-11-06,AWS Well-Architected Framework,2024-11-06,core
gd_findings_closed,OPS11-BP03,Implement feedback loops,https://docs.aws.amazon.com/wellarchitected/latest/operational-excellence-pillar/ops_evolve_ops_feedback_loops.html,2024-11-06,AWS Well-Architected Framework,2024-11-06,core
pia_process,OPS11-BP02,Perform post-incident analysis,https://docs.aws.amazon.com/wellarchitected/latest/operational-excellence-pillar/ops_evolve_ops_perform_rca_process.html,2024-11-06,AWS Well-Architected Framework,2024-11-06,core
pia_actions_tracked,OPS11-BP02,Perform post-incident analysis,https://docs.aws.amazon.com/wellarchitected/latest/operational-excellence-pillar/ops_evolve_ops_perform_rca_process.html,2024-11-06,AWS Well-Architected Framework,2024-11-06,core
pia_orr_feedback,OPS11-BP03,Implement feedback loops,https://docs.aws.amazon.com/wellarchitected/latest/operational-excellence-pillar/ops_evolve_ops_feedback_loops.html,2024-11-06,AWS Well-Architected Framework,2024-11-06,core
rd_highs_dispositioned,OPS07-BP02,Ensure a consistent review of operational readiness,https://docs.aws.amazon.com/wellarchitected/latest/operational-excellence-pillar/ops_ready_to_support_const_orr.html,2024-11-06,AWS Well-Architected Framework,2024-11-06,core
rd_criteria_owner,OPS07-BP02,Ensure a consistent review of operational readiness,https://docs.aws.amazon.com/wellarchitected/latest/operational-excellence-pillar/ops_ready_to_support_const_orr.html,2024-11-06,AWS Well-Architected Framework,2024-11-06,core
rd_scope_complete,OPS07-BP02,Ensure a consistent review of operational readiness,https://docs.aws.amazon.com/wellarchitected/latest/operational-excellence-pillar/ops_ready_to_support_const_orr.html,2024-11-06,AWS Well-Architected Framework,2024-11-06,core
rd_next_review,OPS07-BP02,Ensure a consistent review of operational readiness,https://docs.aws.amazon.com/wellarchitected/latest/operational-excellence-pillar/ops_ready_to_support_const_orr.html,2024-11-06,AWS Well-Architected Framework,2024-11-06,core
cf_dates,OPS07-BP02,Ensure a consistent review of operational readiness,https://docs.aws.amazon.com/wellarchitected/latest/operational-excellence-pillar/ops_ready_to_support_const_orr.html,2024-11-06,AWS Well-Architected Framework,2024-11-06,event
cf_owner,OPS07-BP05,Make informed decisions to deploy systems and changes,https://docs.aws.amazon.com/wellarchitected/latest/operational-excellence-pillar/ops_ready_to_support_informed_deploy_decisions.html,2024-11-06,AWS Well-Architected Framework,2024-11-06,event
cf_freeze,OPS06-BP03,Employ safe deployment strategies,https://docs.aws.amazon.com/wellarchitected/latest/operational-excellence-pillar/ops_mit_deploy_risks_deploy_mgmt_sys.html,2024-11-06,AWS Well-Architected Framework,2024-11-06,event
cf_final_review,OPS07-BP02,Ensure a consistent review of operational readiness,https://docs.aws.amazon.com/wellarchitected/latest/operational-excellence-pillar/ops_ready_to_support_const_orr.html,2024-11-06,AWS Well-Architected Framework,2024-11-06,event
pr_forecast,REL12-BP03,Test scalability and performance requirements,https://docs.aws.amazon.com/wellarchitected/latest/reliability-pillar/rel_testing_resiliency_test_non_functional.html,2024-11-06,AWS Well-Architected Framework,2024-11-06,event
pr_retested,REL12-BP03,Test scalability and performance requirements,https://docs.aws.amazon.com/wellarchitected/latest/reliability-pillar/rel_testing_resiliency_test_non_functional.html,2024-11-06,AWS Well-Architected Framework,2024-11-06,event
pr_alarms_validated,REL12-BP03,Test scalability and performance requirements,https://docs.aws.amazon.com/wellarchitected/latest/reliability-pillar/rel_testing_resiliency_test_non_functional.html,2024-11-06,AWS Well-Architected Framework,2024-11-06,event
cq_quotas_raised,REL01-BP01,Aware of service quotas and constraints,https://docs.aws.amazon.com/wellarchitected/latest/reliability-pillar/rel_manage_service_limits_aware_quotas_and_constraints.html,2024-11-06,AWS Well-Architected Framework,2024-11-06,event
cq_capacity_secured,REL07-BP03,Obtain resources upon detection that more resources are needed for a workload,https://docs.aws.amazon.com/wellarchitected/latest/reliability-pillar/rel_adapt_to_changes_proactive_adapt_auto.html,2024-11-06,AWS Well-Architected Framework,2024-11-06,event
cq_scale_down_plan,COST09-BP03,Supply resources dynamically,https://docs.aws.amazon.com/wellarchitected/latest/cost-optimization-pillar/cost_manage_demand_resources_dynamic.html,2024-11-06,AWS Well-Architected Framework,2024-11-06,event
dd_not_public,SEC05-BP01,Create network layers,https://docs.aws.amazon.com/wellarchitected/latest/security-pillar/sec_network_protection_create_layers.html,2024-11-06,AWS Well-Architected Framework,2024-11-06,event
dd_l7_enforcing,SEC05-BP03,Implement inspection-based protection,https://docs.aws.amazon.com/wellarchitected/latest/security-pillar/sec_network_protection_inspection.html,2024-11-06,AWS Well-Architected Framework,2024-11-06,event
dd_ddos_tier,SEC05-BP03,Implement inspection-based protection,https://docs.aws.amazon.com/wellarchitected/latest/security-pillar/sec_network_protection_inspection.html,2024-11-06,AWS Well-Architected Framework,2024-11-06,event
dd_rehearsed,SEC10-BP07,Run simulations,https://docs.aws.amazon.com/wellarchitected/latest/security-pillar/sec_incident_response_run_game_days.html,2024-11-06,AWS Well-Architected Framework,2024-11-06,event
rh_tabletop,REL12-BP05,Conduct game days regularly,https://docs.aws.amazon.com/wellarchitected/latest/reliability-pillar/rel_testing_resiliency_game_days_resiliency.html,2024-11-06,AWS Well-Architected Framework,2024-11-06,event
rh_gameday,REL12-BP05,Conduct game days regularly,https://docs.aws.amazon.com/wellarchitected/latest/reliability-pillar/rel_testing_resiliency_game_days_resiliency.html,2024-11-06,AWS Well-Architected Framework,2024-11-06,event
rh_findings_closed,REL12-BP05,Conduct game days regularly,https://docs.aws.amazon.com/wellarchitected/latest/reliability-pillar/rel_testing_resiliency_game_days_resiliency.html,2024-11-06,AWS Well-Architected Framework,2024-11-06,event
wr_staffing,OPS03-BP07,Resource teams appropriately,https://docs.aws.amazon.com/wellarchitected/latest/operational-excellence-pillar/ops_org_culture_team_res_appro.html,2024-11-06,AWS Well-Architected Framework,2024-11-06,event
wr_escalation_tree,OPS10-BP04,Define escalation paths,https://docs.aws.amazon.com/wellarchitected/latest/operational-excellence-pillar/ops_event_response_define_escalation_paths.html,2024-11-06,AWS Well-Architected Framework,2024-11-06,event
wr_shared_channel,OPS10-BP04,Define escalation paths,https://docs.aws.amazon.com/wellarchitected/latest/operational-excellence-pillar/ops_event_response_define_escalation_paths.html,2024-11-06,AWS Well-Architected Framework,2024-11-06,event
dm_degraded_mode,REL05-BP01,Implement graceful degradation to transform applicable hard dependencies into soft dependencies,https://docs.aws.amazon.com/wellarchitected/latest/reliability-pillar/rel_mitigate_interaction_failure_graceful_degradation.html,2024-11-06,AWS Well-Architected Framework,2024-11-06,event
dm_kill_switches,REL05-BP07,Implement emergency levers,https://docs.aws.amazon.com/wellarchitected/latest/reliability-pillar/rel_mitigate_interaction_failure_emergency_levers.html,2024-11-06,AWS Well-Architected Framework,2024-11-06,event
dm_status_comms,OPS10-BP05,Define a customer communication plan for service-impacting events,https://docs.aws.amazon.com/wellarchitected/latest/operational-excellence-pillar/ops_event_response_push_notify.html,2024-11-06,AWS Well-Architected Framework,2024-11-06,event
px_retro,OPS11-BP02,Perform post-incident analysis,https://docs.aws.amazon.com/wellarchitected/latest/operational-excellence-pillar/ops_evolve_ops_perform_rca_process.html,2024-11-06,AWS Well-Architected Framework,2024-11-06,event
px_lessons_fed,OPS11-BP08,Document and share lessons learned,https://docs.aws.amazon.com/wellarchitected/latest/operational-excellence-pillar/ops_evolve_ops_share_lessons_learned.html,2024-11-06,AWS Well-Architected Framework,2024-11-06,event
px_cost_review,COST09-BP03,Supply resources dynamically,https://docs.aws.amazon.com/wellarchitected/latest/cost-optimization-pillar/cost_manage_demand_resources_dynamic.html,2024-11-06,AWS Well-Architected Framework,2024-11-06,event
mi_lifecycle_tracked,OPS02-BP01,Resources have identified owners,https://docs.aws.amazon.com/wellarchitected/latest/operational-excellence-pillar/ops_ops_model_def_resource_owners.html,2024-11-06,AWS Well-Architected Framework,2024-11-06,genai
mi_successor_ready,OPS06-BP01,Plan for unsuccessful changes,https://docs.aws.amazon.com/wellarchitected/latest/operational-excellence-pillar/ops_mit_deploy_risks_plan_for_unsucessful_changes.html,2024-11-06,AWS Well-Architected Framework,2024-11-06,genai
mi_routing_approved,OPS01-BP04,Evaluate compliance requirements,https://docs.aws.amazon.com/wellarchitected/latest/operational-excellence-pillar/ops_priorities_compliance_reqs.html,2024-11-06,AWS Well-Architected Framework,2024-11-06,genai
mi_routing_enforced,SEC03-BP05,Define permission guardrails for your organization,https://docs.aws.amazon.com/wellarchitected/latest/security-pillar/sec_permissions_define_guardrails.html,2024-11-06,AWS Well-Architected Framework,2024-11-06,genai
tk_token_sizing,REL01-BP01,Aware of service quotas and constraints,https://docs.aws.amazon.com/wellarchitected/latest/reliability-pillar/rel_manage_service_limits_aware_quotas_and_constraints.html,2024-11-06,AWS Well-Architected Framework,2024-11-06,genai
tk_traffic_isolated,REL01-BP02,Manage service quotas across accounts and regions,https://docs.aws.amazon.com/wellarchitected/latest/reliability-pillar/rel_manage_service_limits_limits_considered.html,2024-11-06,AWS Well-Architected Framework,2024-11-06,genai
tk_capacity_option,REL01-BP01,Aware of service quotas and constraints,https://docs.aws.amazon.com/wellarchitected/latest/reliability-pillar/rel_manage_service_limits_aware_quotas_and_constraints.html,2024-11-06,AWS Well-Architected Framework,2024-11-06,genai
fb_stop_reasons,REL05-BP01,Implement graceful degradation to transform applicable hard dependencies into soft dependencies,https://docs.aws.amazon.com/wellarchitected/latest/reliability-pillar/rel_mitigate_interaction_failure_graceful_degradation.html,2024-11-06,AWS Well-Architected Framework,2024-11-06,genai
fb_fallback_parity,REL05-BP01,Implement graceful degradation to transform applicable hard dependencies into soft dependencies,https://docs.aws.amazon.com/wellarchitected/latest/reliability-pillar/rel_mitigate_interaction_failure_graceful_degradation.html,2024-11-06,AWS Well-Architected Framework,2024-11-06,genai
fb_fallback_warm,REL05-BP01,Implement graceful degradation to transform applicable hard dependencies into soft dependencies,https://docs.aws.amazon.com/wellarchitected/latest/reliability-pillar/rel_mitigate_interaction_failure_graceful_degradation.html,2024-11-06,AWS Well-Architected Framework,2024-11-06,genai
mc_pinned_versions,OPS06-BP01,Plan for unsuccessful changes,https://docs.aws.amazon.com/wellarchitected/latest/operational-excellence-pillar/ops_mit_deploy_risks_plan_for_unsucessful_changes.html,2024-11-06,AWS Well-Architected Framework,2024-11-06,genai
mc_quality_in_rollout,OPS06-BP02,Test deployments,https://docs.aws.amazon.com/wellarchitected/latest/operational-excellence-pillar/ops_mit_deploy_risks_test_val_chg.html,2024-11-06,AWS Well-Architected Framework,2024-11-06,genai
qe_gate_blocks,REL08-BP02,Integrate functional testing as part of your deployment,https://docs.aws.amazon.com/wellarchitected/latest/reliability-pillar/rel_tracking_change_management_functional_testing.html,2024-11-06,AWS Well-Architected Framework,2024-11-06,genai
qe_retrieval_fresh,REL06-BP01,Monitor all components for the workload (Generation),https://docs.aws.amazon.com/wellarchitected/latest/reliability-pillar/rel_monitor_aws_resources_monitor_resources.html,2024-11-06,AWS Well-Architected Framework,2024-11-06,genai
obs_all_paths,SEC04-BP01,Configure service and application logging,https://docs.aws.amazon.com/wellarchitected/latest/security-pillar/sec_detect_investigate_events_app_service_logging.html,2024-11-06,AWS Well-Architected Framework,2024-11-06,genai
obs_version_attribution,OPS04-BP02,Implement application telemetry,https://docs.aws.amazon.com/wellarchitected/latest/operational-excellence-pillar/ops_observability_application_telemetry.html,2024-11-06,AWS Well-Architected Framework,2024-11-06,genai
sg_enforced_outside_code,SEC03-BP05,Define permission guardrails for your organization,https://docs.aws.amazon.com/wellarchitected/latest/security-pillar/sec_permissions_define_guardrails.html,2024-11-06,AWS Well-Architected Framework,2024-11-06,genai
sg_fail_closed,REL05-BP01,Implement graceful degradation to transform applicable hard dependencies into soft dependencies,https://docs.aws.amazon.com/wellarchitected/latest/reliability-pillar/rel_mitigate_interaction_failure_graceful_degradation.html,2024-11-06,AWS Well-Architected Framework,2024-11-06,genai
sp_token_budgets,REL05-BP02,Throttle requests,https://docs.aws.amazon.com/wellarchitected/latest/reliability-pillar/rel_mitigate_interaction_failure_throttle_requests.html,2024-11-06,AWS Well-Architected Framework,2024-11-06,genai
sp_spend_stop,COST02-BP05,Implement cost controls,https://docs.aws.amazon.com/wellarchitected/latest/cost-optimization-pillar/cost_govern_usage_controls.html,2024-11-06,AWS Well-Architected Framework,2024-11-06,genai
sp_spike_source,COST01-BP06,Monitor cost proactively,https://docs.aws.amazon.com/wellarchitected/latest/cost-optimization-pillar/cost_cloud_financial_management_proactive_process.html,2024-11-06,AWS Well-Architected Framework,2024-11-06,genai
ab_single_enforcement,SEC03-BP02,Grant least privilege access,https://docs.aws.amazon.com/wellarchitected/latest/security-pillar/sec_permissions_least_privileges.html,2024-11-06,AWS Well-Architected Framework,2024-11-06,genai
ab_stop_exercised,REL05-BP07,Implement emergency levers,https://docs.aws.amazon.com/wellarchitected/latest/reliability-pillar/rel_mitigate_interaction_failure_emergency_levers.html,2024-11-06,AWS Well-Architected Framework,2024-11-06,genai
