concept,owner_question,statement,v1_ids_absorbed
wa-framework-review-current,well_architected,wa_current,well_architected
wa-high-risk-issues-dispositioned,well_architected,wa_hri_dispositioned,well_architected
wa-applicable-lenses-applied,well_architected,wa_lenses_applied,well_architected
system-diagrams-critical-journeys,architecture_failure_models,sm_diagrams_journeys,architecture_architecture_diagram;architecture_api_matrix;architecture_failure_models
failure-mode-analysis-documented,architecture_failure_models,sm_fma_documented,architecture_architecture_diagram;architecture_api_matrix;architecture_failure_models
failure-mode-detection-mapped,architecture_failure_models,sm_fma_detection,architecture_architecture_diagram;architecture_api_matrix;architecture_failure_models
failure-mode-mitigation-mapped,architecture_failure_models,sm_fma_mitigation,architecture_architecture_diagram;architecture_api_matrix;architecture_failure_models
data-plane-only-recovery,architecture_recovery_dependencies,rp_dataplane_recovery,architecture_plane_redundency;architecture_mulitaccount_stragy;architecture_shared_resources_redundancy
no-cross-region-control-plane-dependency,architecture_recovery_dependencies,rp_no_cross_region_cp,architecture_plane_redundency;architecture_mulitaccount_stragy;architecture_shared_resources_redundancy
no-shared-fate-across-fault-boundaries,architecture_recovery_dependencies,rp_no_shared_fate,architecture_plane_redundency;architecture_mulitaccount_stragy;architecture_shared_resources_redundancy
production-account-isolation,architecture_recovery_dependencies,rp_prod_isolated,architecture_plane_redundency;architecture_mulitaccount_stragy;architecture_shared_resources_redundancy
remote-call-timeouts,architecture_retry_timeouts,rt_timeouts,architecture_retry_timeouts;architecture_dependency_retry
bounded-retries-backoff-jitter,architecture_retry_timeouts,rt_bounded_backoff,architecture_retry_timeouts;architecture_dependency_retry
retry-budget-single-layer-retries,architecture_retry_timeouts,rt_retry_budget,architecture_retry_timeouts;architecture_dependency_retry
idempotent-retried-mutations,architecture_retry_timeouts,rt_idempotent,architecture_retry_timeouts;architecture_dependency_retry
soft-dependencies-nonblocking,architecture_dependency_failure_handling,df_soft_deps_nonblocking,architecture_failure_testing;architecture_gradeful_recovery
degrade-through-normal-code-paths,architecture_dependency_failure_handling,df_degrade_static,architecture_failure_testing;architecture_gradeful_recovery
post-outage-backlog-recovery,architecture_dependency_failure_handling,df_backlog_recovery,architecture_failure_testing;architecture_gradeful_recovery
dependency-fault-injection-verified,architecture_dependency_failure_handling,df_faults_injected,architecture_failure_testing;architecture_gradeful_recovery
hybrid-scope-no-private-links,architecture_hybrid_connectivity,hy_none,
redundant-hybrid-paths,architecture_hybrid_connectivity,hy_redundant_paths,
hybrid-failover-tested,architecture_hybrid_connectivity,hy_failover_tested,
onprem-dependency-recovery,architecture_hybrid_connectivity,hy_onprem_deps,
per-source-rate-limits,architecture_defensive_throttling,tp_per_source_limits,architecture_defensive_throttling;event_queue_backlog
early-load-shedding-bounded-queues,architecture_defensive_throttling,tp_shed_early,architecture_defensive_throttling;event_queue_backlog
dynamic-limits-without-deploy,architecture_defensive_throttling,tp_dynamic_limits,architecture_defensive_throttling;event_queue_backlog
single-tenant-surge-test,architecture_defensive_throttling,tp_surge_tested,architecture_defensive_throttling;event_queue_backlog
edge-scope-no-internet-endpoints,architecture_edge_protection,ep_not_internet_facing,architecture_defensive_throttling
edge-waf-managed-and-rate-rules,architecture_edge_protection,ep_waf_rate_rules,architecture_defensive_throttling
l7-flood-detection-paging,architecture_edge_protection,ep_l7_detection_pages,architecture_defensive_throttling
ddos-engagement-runbook,architecture_edge_protection,ep_ddos_runbook,architecture_defensive_throttling
health-scope-platform-managed-compute,architecture_health_lifecycle,hc_platform_managed,architecture_health_checks;releases_deployment;releases_validation;releases_traffic_draining
health-check-auto-replace,architecture_health_lifecycle,hc_check_and_replace,architecture_health_checks;releases_deployment;releases_validation;releases_traffic_draining
dependency-safe-health-checks,architecture_health_lifecycle,hc_dependency_safe,architecture_health_checks;releases_deployment;releases_validation;releases_traffic_draining
readiness-gate-and-drain,architecture_health_lifecycle,hc_enter_leave_safely,architecture_health_checks;releases_deployment;releases_validation;releases_traffic_draining
peak-demand-forecast,architecture_demand_estimates,dem_forecast,architecture_demand_estimates
quota-headroom-all-regions,architecture_demand_estimates,dem_quota_headroom,architecture_demand_estimates
peak-capacity-lead-time,architecture_demand_estimates,dem_capacity_ready,architecture_demand_estimates
load-test-at-forecast-peak,architecture_load_testing,lt_tested_at_peak,architecture_load_testing
load-test-breaking-point,architecture_load_testing,lt_breaking_point,architecture_load_testing
load-test-alarms-scaling-verified,architecture_load_testing,lt_alarms_verified,architecture_load_testing
recovery-objectives-defined,architecture_rpo_rto,rec_objectives,architecture_plane_redundency;architecture_failure_testing;architecture_rpo_rto
restore-tested-against-objectives,architecture_rpo_rto,rec_restore_tested,architecture_plane_redundency;architecture_failure_testing;architecture_rpo_rto
dr-strategy-documented,architecture_rpo_rto,rec_strategy,architecture_plane_redundency;architecture_failure_testing;architecture_rpo_rto
dr-failover-exercised,architecture_rpo_rto,rec_failover_exercised,architecture_plane_redundency;architecture_failure_testing;architecture_rpo_rto
point-in-time-recovery-critical-data,architecture_data_corruption,dc_pitr,architecture_data_corruption
immutable-isolated-backups,architecture_data_corruption,dc_immutable_isolated,architecture_data_corruption
data-corruption-detection,architecture_data_corruption,dc_detection,architecture_data_corruption
corruption-point-restore-rehearsed,architecture_data_corruption,dc_point_restore_rehearsed,architecture_data_corruption
restart-from-zero-procedure,architecture_cold_start,cs_restart_documented,releases_custom_amis
controlled-startup-artifact-sources,architecture_cold_start,cs_artifacts_controlled,releases_custom_amis
startup-config-last-known-good,architecture_cold_start,cs_config_resilient,releases_custom_amis
cold-start-exercised,architecture_cold_start,cs_exercised,releases_custom_amis
pipeline-only-production-changes,releases_manual_changes,cc_pipeline_only,releases_manual_changes;releases_change_management
enforced-independent-change-review,releases_manual_changes,cc_review_enforced,releases_manual_changes;releases_change_management
iac-preview-and-drift-detection,releases_manual_changes,cc_preview_drift,releases_manual_changes;releases_change_management
emergency-change-path,releases_manual_changes,cc_emergency_path,releases_manual_changes;releases_change_management
preprod-blocking-tests,releases_staged_deployments,pp_tests_block,releases_staged_deployments;releases_performance_impact;releases_custom_amis;automation_of_test_coverage
preprod-parity-immutable-artifacts,releases_staged_deployments,pp_parity,releases_staged_deployments;releases_performance_impact;releases_custom_amis;automation_of_test_coverage
build-quality-security-gates,releases_staged_deployments,pp_build_gates,releases_staged_deployments;releases_performance_impact;releases_custom_amis;automation_of_test_coverage
preprod-performance-regression,releases_staged_deployments,pp_perf_regression,releases_staged_deployments;releases_performance_impact;releases_custom_amis;automation_of_test_coverage
phased-production-exposure,releases_phased_rollout,pd_staged_expansion,releases_deployment;releases_onebox_deployments;releases_deployment_gating
fault-boundary-deployment-waves,releases_phased_rollout,pd_fault_boundary_waves,releases_deployment;releases_onebox_deployments;releases_deployment_gating
stage-bake-time,releases_phased_rollout,pd_bake_time,releases_deployment;releases_onebox_deployments;releases_deployment_gating
deployment-blockers-windows,releases_phased_rollout,pd_blockers,releases_deployment;releases_onebox_deployments;releases_deployment_gating
automatic-alarm-rollback,releases_deployment_rollback,rb_auto,releases_canaries;releases_deployment_rollback;releases_performance_impact
rollback-alarm-scope,releases_deployment_rollback,rb_alarms_scoped,releases_canaries;releases_deployment_rollback;releases_performance_impact
rollback-safe-data-changes,releases_deployment_rollback,rb_backward_compatible,releases_canaries;releases_deployment_rollback;releases_performance_impact
rollback-exercised,releases_deployment_rollback,rb_exercised,releases_canaries;releases_deployment_rollback;releases_performance_impact
security-testing-findings-closed,releases_security_readiness,sec_testing_closed,architecture_load_testing
threat-detection-routed,releases_security_readiness,sec_detection_routed,architecture_load_testing
security-incident-playbooks-exercised,releases_security_readiness,sec_ir_exercised,architecture_load_testing
centralized-tamper-resistant-audit-logs,releases_security_readiness,sec_audit_logs,architecture_load_testing
dependency-inventory,underlying_dependencies,dep_inventory,architecture_services_used;underlying_dependencies
dependency-criticality-classification,underlying_dependencies,dep_classified,architecture_services_used;underlying_dependencies
partition-availability-verification,underlying_dependencies,dep_partition_verified,architecture_services_used;underlying_dependencies
customer-experience-slos,event_alarms,slo_defined,event_kpis;event_alarms;event_frontend_alarms
slo-paging-alarms,event_alarms,slo_alarms_before_breach,event_kpis;event_alarms;event_frontend_alarms
alarm-evaluation-settings,event_alarms,slo_alarm_quality,event_kpis;event_alarms;event_frontend_alarms
slo-operations-review,event_alarms,slo_reviewed,event_kpis;event_alarms;event_frontend_alarms
synthetic-canary-coverage,event_canary_alarms,can_coverage,releases_canaries;releases_canary_errors;event_canary_alarms;event_frontend_alarms
canary-metrics-and-alarms,event_canary_alarms,can_own_metrics_alarms,releases_canaries;releases_canary_errors;event_canary_alarms;event_frontend_alarms
independent-monitoring-path,event_canary_alarms,can_independent,releases_canaries;releases_canary_errors;event_canary_alarms;event_frontend_alarms
compute-saturation-alarms,event_saturation_alarms,sat_compute,event_host_fs_alarms;event_database_alarms;event_jvm_metrics;event_delayed_consistency;event_queue_backlog;event_budget_alerts
dependency-health-alarms,event_saturation_alarms,sat_datastore_deps,event_host_fs_alarms;event_database_alarms;event_jvm_metrics;event_delayed_consistency;event_queue_backlog;event_budget_alerts
backlog-age-alarms,event_saturation_alarms,sat_async_age,event_host_fs_alarms;event_database_alarms;event_jvm_metrics;event_delayed_consistency;event_queue_backlog;event_budget_alerts
usage-cost-anomaly-alerts,event_saturation_alarms,sat_usage_cost,event_host_fs_alarms;event_database_alarms;event_jvm_metrics;event_delayed_consistency;event_queue_backlog;event_budget_alerts
correlated-structured-logs,event_transaction_tracing,tr_correlated_logs,releases_performance_impact;event_automated_data_gathering;event_transaction_tracing
distributed-tracing,event_transaction_tracing,tr_open_tracing,releases_performance_impact;event_automated_data_gathering;event_transaction_tracing
alarm-linked-diagnostics,event_transaction_tracing,tr_alarm_diagnostics,releases_performance_impact;event_automated_data_gathering;event_transaction_tracing
oncall-paging-rotation,event_oncall_rotation,oc_paged,event_oncall_rotation;event_alarms
runbook-per-alarm,event_oncall_rotation,oc_runbook_per_alarm,event_oncall_rotation;event_alarms
runbooks-exercised,event_oncall_rotation,oc_runbooks_exercised,event_oncall_rotation;event_alarms
page-escalation-paths,event_oncall_rotation,oc_escalation,event_oncall_rotation;event_alarms
provider-escalation-runbook,event_provider_escalation,pe_escalation_runbook,
support-response-fits-rto,event_provider_escalation,pe_support_fit,
provider-events-routed,event_provider_escalation,pe_events_routed,
provider-change-staging,event_provider_escalation,pe_changes_staged,
impacted-customer-identification,event_customer_impact,ci_identify,
customer-communication-plan,event_customer_impact,ci_comms_plan,
independent-status-channel,event_customer_impact,ci_status_independent,
az-loss-scope-regional-only,event_resilience_recoveries,az_regional_managed,architecture_plane_redundency;architecture_failure_testing;event_resilience_recoveries
multi-az-deployment,event_resilience_recoveries,az_multi_az,architecture_plane_redundency;architecture_failure_testing;event_resilience_recoveries
az-static-capacity,event_resilience_recoveries,az_static_capacity,architecture_plane_redundency;architecture_failure_testing;event_resilience_recoveries
az-loss-tested-at-load,event_resilience_recoveries,az_tested_at_load,architecture_plane_redundency;architecture_failure_testing;event_resilience_recoveries
az-shift-scope-regional-only,event_az_evacuation,ev_regional_managed,event_resilience_recoveries
az-traffic-shift,event_az_evacuation,ev_shift_mechanism,event_resilience_recoveries
per-az-outlier-detection,event_az_evacuation,ev_per_az_detection,event_resilience_recoveries
az-shift-practice,event_az_evacuation,ev_shift_practiced,event_resilience_recoveries
prod-read-only-by-default,event_mutating_access,pa_automation_default,architecture_mutliaccount_credentials;event_mutating_access
time-bound-human-elevation,event_mutating_access,pa_jit_elevation,architecture_mutliaccount_credentials;event_mutating_access
root-user-lockdown,event_mutating_access,pa_root_secured,architecture_mutliaccount_credentials;event_mutating_access
privileged-access-review,event_mutating_access,pa_access_reviewed,architecture_mutliaccount_credentials;event_mutating_access
emergency-access-per-failure-mode,event_emergency_access,ea_per_failure_mode,
emergency-access-tested-independent,event_emergency_access,ea_tested_independent,
incident-tools-out-of-band,event_emergency_access,ea_out_of_band,
operator-tool-blast-radius-limits,event_operator_tooling_safety,ot_blast_radius_limits,
critical-resource-deletion-protection,event_operator_tooling_safety,ot_resource_protections,
high-impact-command-preview-or-approval,event_operator_tooling_safety,ot_dry_run_two_person,
expiring-materials-inventory,event_expiring_materials,exp_inventory,architecture_certificates;event_expiring_materials
expiry-alarms-lead-time,event_expiring_materials,exp_alarms,architecture_certificates;event_expiring_materials
no-leaf-certificate-pinning,event_expiring_materials,exp_no_leaf_pinning,architecture_certificates;event_expiring_materials
automated-renewal-and-rotation,event_expiring_materials,exp_auto_renew_deploy,architecture_certificates;event_expiring_materials
fault-injection-game-day,event_gameday,gd_fault_injection,architecture_failure_testing;event_gameday
incident-command-tabletop,event_gameday,gd_tabletop,architecture_failure_testing;event_gameday
exercise-participant-coverage,event_gameday,gd_people_engaged,architecture_failure_testing;event_gameday
exercise-findings-closed,event_gameday,gd_findings_closed,architecture_failure_testing;event_gameday
post-incident-analysis,event_post_incident_analysis,pia_process,
corrective-actions-tracked,event_post_incident_analysis,pia_actions_tracked,
incident-to-orr-feedback,event_post_incident_analysis,pia_orr_feedback,
high-risks-dispositioned,readiness_signoff,rd_highs_dispositioned,
go-no-go-criteria-owner,readiness_signoff,rd_criteria_owner,
review-scope-complete,readiness_signoff,rd_scope_complete,
recurring-review-milestone,readiness_signoff,rd_next_review,
event-calendar-key-dates,evt_calendar_freeze,cf_dates,
event-owner-go-no-go,evt_calendar_freeze,cf_owner,
event-change-freeze-window,evt_calendar_freeze,cf_freeze,
event-final-two-week-review,evt_calendar_freeze,cf_final_review,
event-peak-forecast,evt_peak_retest,pr_forecast,
event-load-retest,evt_peak_retest,pr_retested,
event-retest-operations-validated,evt_peak_retest,pr_alarms_validated,
event-quota-increases,evt_capacity_quotas,cq_quotas_raised,
event-capacity-reserved,evt_capacity_quotas,cq_capacity_secured,
event-scale-down-plan,evt_capacity_quotas,cq_scale_down_plan,
event-ddos-scope-not-public,evt_ddos_response,dd_not_public,
event-l7-ddos-enforcing,evt_ddos_response,dd_l7_enforcing,
event-ddos-tier-decision,evt_ddos_response,dd_ddos_tier,
event-ddos-runbook-rehearsed,evt_ddos_response,dd_rehearsed,
event-scenario-tabletop,evt_rehearsal,rh_tabletop,
event-load-game-day,evt_rehearsal,rh_gameday,
event-rehearsal-findings-closed,evt_rehearsal,rh_findings_closed,
event-window-staffing,evt_war_room,wr_staffing,
event-escalation-tree-verified,evt_war_room,wr_escalation_tree,
event-shared-channel,evt_war_room,wr_shared_channel,
event-degraded-mode-tested,evt_degraded_modes,dm_degraded_mode,
event-feature-kill-switches,evt_degraded_modes,dm_kill_switches,
event-status-messages-ready,evt_degraded_modes,dm_status_comms,
event-post-event-review,evt_post_event,px_retro,
event-lessons-fed-back,evt_post_event,px_lessons_fed,
event-post-event-cost-review,evt_post_event,px_cost_review,
